date,product_id,quantity,price,customer_id,category
2023-01-01,52,34,87.79,424,Books
2023-01-02,93,47,402.95,142,Sports
2023-01-03,15,8,141.39,291,Books
2023-01-04,72,40,571.87,432,Sports
2023-01-05,61,49,692.57,749,Clothing
2023-01-06,21,44,802.58,852,Electronics
2023-01-07,83,19,208.15,824,Books
2023-01-08,87,42,175.81,689,Books
2023-01-09,75,41,113.52,653,Sports
2023-01-10,75,37,640.07,701,Clothing
2023-01-11,88,6,709.41,998,Clothing
2023-01-12,100,26,41.27,49,Sports
2023-01-13,24,34,936.85,302,Clothing
2023-01-14,3,45,61.45,881,Home
2023-01-15,22,6,545.88,190,Electronics
2023-01-16,53,37,711.97,136,Books
2023-01-17,2,33,872.26,555,Electronics
2023-01-18,88,22,716.95,404,Books
2023-01-19,30,21,803.71,892,Home
2023-01-20,38,6,346.06,865,Clothing
2023-01-21,2,6,816.68,602,Sports
2023-01-22,64,48,89.31,807,Home
2023-01-23,60,4,895.87,341,Electronics
2023-01-24,21,30,552.12,757,Sports
2023-01-25,33,11,819.12,945,Clothing
2023-01-26,76,30,457.8,704,Home
2023-01-27,58,31,647.14,318,Sports
2023-01-28,22,24,531.14,618,Home
2023-01-29,89,9,734.27,363,Home
2023-01-30,49,3,90.81,822,Clothing
2023-01-31,91,31,69.75,382,Books
2023-02-01,59,40,254.63,233,Sports
2023-02-02,42,37,167.95,777,Clothing
2023-02-03,92,36,873.07,344,Home
2023-02-04,60,24,227.02,549,Clothing
2023-02-05,80,31,976.11,817,Books
2023-02-06,15,6,343.53,553,Sports
2023-02-07,62,2,190.3,529,Books
2023-02-08,62,20,791.8,856,Electronics
2023-02-09,47,28,662.12,789,Sports
2023-02-10,62,11,503.21,819,Books
2023-02-11,51,4,559.81,571,Home
2023-02-12,55,15,722.01,935,Sports
2023-02-13,64,6,236.17,183,Sports
2023-02-14,3,49,996.37,41,Clothing
2023-02-15,51,30,975.05,551,Home
2023-02-16,7,38,653.82,397,Electronics
2023-02-17,21,2,207.55,704,Books
2023-02-18,73,15,683.43,779,Clothing
2023-02-19,39,11,81.48,494,Books
2023-02-20,18,8,40.35,659,Electronics
2023-02-21,4,26,265.11,907,Electronics
2023-02-22,89,45,468.0,333,Sports
2023-02-23,60,44,869.59,127,Electronics
2023-02-24,14,5,729.9,558,Books
2023-02-25,9,6,745.28,557,Home
2023-02-26,90,26,431.24,1,Home
2023-02-27,53,4,352.48,168,Sports
2023-02-28,2,19,377.33,620,Books
2023-03-01,84,20,987.77,19,Books
2023-03-02,92,33,49.71,332,Electronics
2023-03-03,60,20,868.36,584,Books
2023-03-04,71,49,582.89,456,Clothing
2023-03-05,44,12,444.23,957,Electronics
2023-03-06,8,47,728.01,109,Clothing
2023-03-07,47,1,491.8,268,Sports
2023-03-08,35,26,874.69,445,Home
2023-03-09,78,14,901.69,240,Sports
2023-03-10,81,38,427.5,929,Home
2023-03-11,36,37,284.06,301,Sports
2023-03-12,50,11,596.43,602,Books
2023-03-13,4,36,913.24,103,Clothing
2023-03-14,2,13,218.56,988,Home
2023-03-15,6,43,626.74,250,Electronics
2023-03-16,54,3,635.24,453,Clothing
2023-03-17,4,33,735.78,520,Electronics
2023-03-18,54,6,140.25,153,Clothing
2023-03-19,93,50,718.67,859,Clothing
2023-03-20,63,10,909.94,174,Sports
2023-03-21,18,5,187.89,343,Home
2023-03-22,90,23,245.17,670,Home
2023-03-23,44,10,971.68,431,Clothing
2023-03-24,34,44,189.17,727,Books
2023-03-25,74,2,855.84,689,Books
2023-03-26,62,13,497.36,687,Electronics
2023-03-27,100,40,254.76,852,Electronics
2023-03-28,14,2,872.04,850,Sports
2023-03-29,95,20,450.85,658,Clothing
2023-03-30,48,1,519.67,962,Electronics
2023-03-31,15,37,365.64,324,Electronics
2023-04-01,72,9,597.02,990,Clothing
2023-04-02,78,17,171.89,673,Sports
2023-04-03,87,9,397.17,639,Electronics
2023-04-04,62,11,969.72,420,Sports
2023-04-05,40,15,265.55,594,Home
2023-04-06,85,24,660.17,485,Sports
2023-04-07,80,38,331.94,659,Books
2023-04-08,82,35,775.74,751,Books
2023-04-09,53,30,139.56,412,Sports
2023-04-10,24,31,970.12,936,Books
2023-04-11,26,49,459.25,84,Home
2023-04-12,89,5,243.69,113,Clothing
2023-04-13,60,44,82.76,737,Books
2023-04-14,41,50,178.06,332,Books
2023-04-15,29,14,524.58,378,Sports
2023-04-16,15,11,343.63,755,Home
2023-04-17,45,9,830.59,655,Clothing
2023-04-18,65,34,436.58,41,Sports
2023-04-19,89,12,256.23,935,Sports
2023-04-20,71,35,620.97,770,Home
2023-04-21,9,35,709.71,959,Clothing
2023-04-22,88,1,175.37,797,Home
2023-04-23,1,40,175.94,105,Clothing
2023-04-24,8,22,46.3,202,Home
2023-04-25,88,29,739.04,450,Sports
2023-04-26,63,8,667.17,819,Sports
2023-04-27,11,11,479.88,843,Electronics
2023-04-28,81,41,845.73,973,Books
2023-04-29,8,37,807.61,266,Home
2023-04-30,35,14,589.5,910,Electronics
2023-05-01,35,30,869.59,210,Books
2023-05-02,33,35,213.78,563,Home
2023-05-03,5,21,120.8,118,Clothing
2023-05-04,41,37,277.05,713,Books
2023-05-05,28,5,66.52,377,Sports
2023-05-06,7,19,535.86,551,Electronics
2023-05-07,73,14,937.24,540,Books
2023-05-08,72,26,48.95,771,Books
2023-05-09,12,4,130.89,84,Sports
2023-05-10,34,25,457.68,454,Home
2023-05-11,33,45,934.54,667,Clothing
2023-05-12,48,42,322.99,629,Sports
2023-05-13,23,25,512.16,514,Clothing
2023-05-14,62,18,51.16,605,Home
2023-05-15,88,40,156.86,678,Books
2023-05-16,37,8,986.76,387,Clothing
2023-05-17,99,39,965.47,912,Electronics
2023-05-18,44,40,14.89,350,Electronics
2023-05-19,86,14,952.29,296,Sports
2023-05-20,91,32,642.73,258,Home
2023-05-21,35,38,869.24,81,Sports
2023-05-22,65,33,460.19,937,Sports
2023-05-23,99,23,520.44,268,Sports
2023-05-24,47,15,493.96,419,Electronics
2023-05-25,78,33,670.2,235,Electronics
2023-05-26,3,25,148.25,833,Sports
2023-05-27,1,17,39.67,311,Electronics
2023-05-28,5,33,314.85,813,Home
2023-05-29,90,47,707.63,975,Sports
2023-05-30,14,2,209.83,986,Electronics
2023-05-31,27,14,676.7,357,Clothing
2023-06-01,9,40,970.21,213,Sports
2023-06-02,79,40,102.96,574,Sports
2023-06-03,15,39,675.88,49,Home
2023-06-04,90,6,449.31,127,Books
2023-06-05,42,6,869.46,223,Books
2023-06-06,77,3,185.38,921,Home
2023-06-07,51,7,695.7,279,Home
2023-06-08,63,8,839.73,408,Home
2023-06-09,96,42,945.17,505,Books
2023-06-10,52,15,686.42,294,Home
2023-06-11,96,47,502.2,796,Electronics
2023-06-12,4,29,621.67,277,Sports
2023-06-13,94,33,870.22,438,Sports
2023-06-14,23,30,574.9,107,Clothing
2023-06-15,15,39,40.08,658,Clothing
2023-06-16,43,27,931.64,420,Sports
2023-06-17,29,36,692.63,611,Electronics
2023-06-18,36,29,679.75,429,Books
2023-06-19,13,38,223.52,375,Books
2023-06-20,32,33,662.3,73,Electronics
2023-06-21,71,37,399.93,949,Books
2023-06-22,59,27,654.72,998,Home
2023-06-23,86,33,115.53,634,Sports
2023-06-24,28,4,661.27,30,Sports
2023-06-25,66,22,999.42,188,Electronics
2023-06-26,42,2,57.73,364,Books
2023-06-27,45,10,977.4,866,Clothing
2023-06-28,62,5,412.84,800,Clothing
2023-06-29,57,10,872.05,451,Books
2023-06-30,6,33,784.56,195,Clothing
2023-07-01,28,38,571.35,156,Electronics
2023-07-02,28,13,741.06,172,Electronics
2023-07-03,44,31,879.73,847,Books
2023-07-04,84,47,410.1,41,Clothing
2023-07-05,30,36,333.76,63,Electronics
2023-07-06,62,45,670.92,23,Electronics
2023-07-07,75,24,809.77,360,Home
2023-07-08,92,15,764.66,75,Home
2023-07-09,89,29,799.84,560,Electronics
2023-07-10,62,8,441.23,672,Books
2023-07-11,97,5,819.66,825,Sports
2023-07-12,1,29,129.01,118,Sports
2023-07-13,27,47,549.04,612,Electronics
2023-07-14,62,4,15.7,380,Electronics
2023-07-15,77,12,331.34,929,Electronics
2023-07-16,3,45,372.8,920,Books
2023-07-17,70,2,402.21,679,Home
2023-07-18,72,27,698.51,290,Electronics
2023-07-19,27,31,394.67,440,Electronics
2023-07-20,9,36,454.21,668,Clothing
2023-07-21,62,36,245.17,933,Books
2023-07-22,37,26,379.52,7,Electronics
2023-07-23,97,43,235.0,196,Clothing
2023-07-24,51,27,82.46,421,Sports
2023-07-25,44,5,607.41,568,Electronics
2023-07-26,24,20,671.53,833,Electronics
2023-07-27,79,11,623.3,193,Clothing
2023-07-28,59,10,468.86,559,Books
2023-07-29,32,40,385.99,148,Electronics
2023-07-30,96,38,864.7,787,Sports
2023-07-31,88,6,523.89,669,Electronics
2023-08-01,52,8,484.39,202,Sports
2023-08-02,62,23,35.39,444,Home
2023-08-03,58,47,347.84,914,Home
2023-08-04,52,26,386.39,988,Sports
2023-08-05,12,46,404.83,419,Books
2023-08-06,39,43,584.37,427,Electronics
2023-08-07,2,12,538.27,479,Electronics
2023-08-08,3,26,611.83,475,Home
2023-08-09,56,13,767.23,126,Sports
2023-08-10,81,40,814.86,395,Electronics
2023-08-11,59,18,720.94,817,Electronics
2023-08-12,2,25,955.97,881,Books
2023-08-13,2,33,28.05,806,Clothing
2023-08-14,92,47,203.82,576,Home
2023-08-15,54,40,17.49,325,Home
2023-08-16,87,43,651.0,392,Clothing
2023-08-17,96,12,899.05,930,Electronics
2023-08-18,97,44,251.05,688,Books
2023-08-19,1,36,927.76,628,Books
2023-08-20,19,48,69.66,440,Home
2023-08-21,2,4,935.09,204,Books
2023-08-22,53,5,358.11,486,Clothing
2023-08-23,44,37,110.41,833,Electronics
2023-08-24,90,8,491.01,31,Clothing
2023-08-25,32,42,264.21,388,Sports
2023-08-26,70,49,292.02,625,Home
2023-08-27,32,28,314.22,877,Books
2023-08-28,68,31,805.0,434,Sports
2023-08-29,55,9,543.77,837,Books
2023-08-30,75,29,318.19,926,Electronics
2023-08-31,56,14,614.23,376,Electronics
2023-09-01,17,40,718.99,344,Electronics
2023-09-02,38,41,279.9,443,Books
2023-09-03,24,22,419.41,579,Sports
2023-09-04,69,11,130.67,75,Electronics
2023-09-05,98,23,189.34,557,Sports
2023-09-06,70,1,684.31,772,Books
2023-09-07,86,46,189.62,666,Sports
2023-09-08,11,37,529.91,155,Books
2023-09-09,16,21,711.96,430,Books
2023-09-10,97,26,115.81,363,Home
2023-09-11,73,46,571.64,448,Books
2023-09-12,59,36,264.0,987,Books
2023-09-13,70,23,963.3,234,Clothing
2023-09-14,80,1,488.71,563,Electronics
2023-09-15,93,40,807.93,818,Home
2023-09-16,3,15,554.72,262,Home
2023-09-17,20,21,52.98,827,Home
2023-09-18,59,47,636.82,125,Clothing
2023-09-19,36,9,951.89,911,Books
2023-09-20,19,9,605.6,245,Electronics
2023-09-21,90,10,821.0,542,Sports
2023-09-22,67,26,885.36,938,Books
2023-09-23,19,41,235.8,485,Clothing
2023-09-24,20,35,219.92,122,Books
2023-09-25,96,25,614.87,125,Books
2023-09-26,71,26,416.92,549,Clothing
2023-09-27,52,11,841.46,170,Home
2023-09-28,33,38,901.02,124,Home
2023-09-29,40,2,359.89,869,Electronics
2023-09-30,39,7,244.5,35,Electronics
2023-10-01,82,18,782.72,87,Home
2023-10-02,1,27,282.06,646,Sports
2023-10-03,11,34,824.39,708,Books
2023-10-04,92,27,429.5,786,Sports
2023-10-05,57,17,670.87,201,Books
2023-10-06,89,43,104.58,369,Home
2023-10-07,50,44,627.62,797,Electronics
2023-10-08,23,24,457.25,77,Electronics
2023-10-09,31,25,590.74,59,Sports
2023-10-10,94,7,176.33,431,Electronics
2023-10-11,42,6,739.51,638,Home
2023-10-12,99,24,864.17,500,Sports
2023-10-13,7,33,224.57,913,Books
2023-10-14,16,49,104.76,109,Electronics
2023-10-15,90,29,33.4,736,Clothing
2023-10-16,60,43,645.55,278,Electronics
2023-10-17,2,22,611.02,68,Books
2023-10-18,1,26,551.23,69,Sports
2023-10-19,48,28,239.63,165,Books
2023-10-20,12,50,397.0,489,Clothing
2023-10-21,69,21,598.53,305,Home
2023-10-22,37,49,501.8,909,Electronics
2023-10-23,32,7,987.91,674,Sports
2023-10-24,9,17,145.08,365,Home
2023-10-25,99,20,698.19,854,Books
2023-10-26,19,41,410.28,821,Sports
2023-10-27,48,49,433.92,379,Home
2023-10-28,80,20,720.42,343,Sports
2023-10-29,3,22,695.51,947,Clothing
2023-10-30,20,28,991.34,899,Clothing
2023-10-31,24,40,137.11,554,Electronics
2023-11-01,54,49,113.07,354,Electronics
2023-11-02,33,7,727.1,416,Clothing
2023-11-03,24,1,582.6,109,Sports
2023-11-04,75,32,281.42,563,Clothing
2023-11-05,72,13,88.63,762,Electronics
2023-11-06,36,30,94.8,497,Clothing
2023-11-07,38,23,895.25,341,Clothing
2023-11-08,84,19,199.95,942,Sports
2023-11-09,99,32,330.14,383,Home
2023-11-10,89,30,234.39,533,Electronics
2023-11-11,99,29,361.45,300,Sports
2023-11-12,25,49,78.73,139,Clothing
2023-11-13,93,45,523.87,359,Clothing
2023-11-14,18,29,76.94,836,Home
2023-11-15,82,30,802.35,499,Electronics
2023-11-16,66,16,241.37,385,Electronics
2023-11-17,54,40,544.61,604,Books
2023-11-18,35,19,881.28,959,Electronics
2023-11-19,80,18,654.37,280,Home
2023-11-20,61,1,537.63,637,Books
2023-11-21,41,14,331.09,483,Books
2023-11-22,100,47,339.67,909,Clothing
2023-11-23,33,50,672.79,111,Clothing
2023-11-24,68,2,994.2,866,Electronics
2023-11-25,33,28,665.22,139,Books
2023-11-26,14,49,562.21,996,Clothing
2023-11-27,21,50,733.34,435,Home
2023-11-28,48,30,470.55,509,Clothing
2023-11-29,20,38,69.54,273,Clothing
2023-11-30,8,4,566.67,99,Books
2023-12-01,7,1,958.05,764,Books
2023-12-02,67,8,183.55,850,Sports
2023-12-03,17,29,693.1,104,Home
2023-12-04,33,39,208.92,214,Books
2023-12-05,48,3,540.47,761,Electronics
2023-12-06,76,32,105.71,664,Home
2023-12-07,59,10,455.87,762,Home
2023-12-08,86,10,758.6,787,Books
2023-12-09,22,19,354.1,165,Home
2023-12-10,30,46,668.26,999,Books
2023-12-11,38,34,797.5,853,Clothing
2023-12-12,51,33,927.91,520,Sports
2023-12-13,54,23,242.3,284,Clothing
2023-12-14,8,28,405.32,517,Books
2023-12-15,27,32,160.89,657,Books
2023-12-16,27,50,992.56,613,Clothing
2023-12-17,98,7,927.73,164,Electronics
2023-12-18,21,29,544.56,886,Electronics
2023-12-19,30,8,843.61,659,Electronics
2023-12-20,97,1,525.75,64,Books
2023-12-21,28,3,627.35,91,Home
2023-12-22,64,24,98.23,117,Books
2023-12-23,97,23,757.72,866,Home
2023-12-24,69,8,136.44,267,Clothing
2023-12-25,61,47,827.81,822,Sports
2023-12-26,48,37,784.21,685,Home
2023-12-27,19,3,711.66,559,Electronics
2023-12-28,4,33,45.8,140,Books
2023-12-29,35,28,310.1,246,Clothing
2023-12-30,64,47,270.48,661,Electronics
2023-12-31,49,8,366.54,758,Clothing
2024-01-01,17,34,96.77,395,Sports
2024-01-02,44,35,937.59,487,Books
2024-01-03,92,32,558.26,476,Books
2024-01-04,30,24,312.47,517,Sports
2024-01-05,93,14,403.01,977,Books
2024-01-06,46,32,452.73,184,Home
2024-01-07,6,46,604.59,20,Clothing
2024-01-08,99,43,520.52,937,Electronics
2024-01-09,37,16,920.2,558,Sports
2024-01-10,24,4,501.99,524,Home
2024-01-11,93,37,992.24,582,Electronics
2024-01-12,46,21,852.91,529,Electronics
2024-01-13,53,14,216.43,883,Sports
2024-01-14,95,31,931.29,147,Home
2024-01-15,99,48,125.2,666,Electronics
2024-01-16,60,18,819.28,304,Electronics
2024-01-17,97,7,386.82,620,Home
2024-01-18,63,10,879.19,748,Books
2024-01-19,85,7,869.38,820,Electronics
2024-01-20,32,33,807.87,864,Clothing
2024-01-21,87,23,792.13,582,Home
2024-01-22,33,21,311.63,695,Electronics
2024-01-23,67,19,90.11,762,Sports
2024-01-24,18,48,408.95,228,Clothing
2024-01-25,25,19,181.79,102,Electronics
2024-01-26,95,36,698.0,587,Clothing
2024-01-27,54,29,352.64,417,Clothing
2024-01-28,58,18,975.85,958,Books
2024-01-29,67,2,644.56,216,Clothing
2024-01-30,46,1,824.26,407,Books
2024-01-31,24,47,141.2,399,Home
2024-02-01,32,5,863.39,923,Books
2024-02-02,47,20,923.53,715,Sports
2024-02-03,86,11,492.19,704,Electronics
2024-02-04,23,42,610.19,761,Home
2024-02-05,66,2,767.16,499,Home
2024-02-06,27,3,183.09,754,Sports
2024-02-07,2,23,507.54,465,Books
2024-02-08,90,12,404.68,691,Electronics
2024-02-09,17,20,154.91,949,Books
2024-02-10,33,5,373.86,974,Clothing
2024-02-11,9,37,77.49,731,Books
2024-02-12,43,38,35.55,82,Home
2024-02-13,48,30,143.81,604,Electronics
2024-02-14,39,9,963.48,947,Books
2024-02-15,93,34,554.03,687,Electronics
2024-02-16,42,44,966.16,751,Electronics
2024-02-17,26,35,438.17,772,Clothing
2024-02-18,99,22,318.7,903,Clothing
2024-02-19,50,44,511.08,365,Home
2024-02-20,25,24,445.12,163,Sports
2024-02-21,24,17,114.61,48,Electronics
2024-02-22,13,10,644.42,511,Sports
2024-02-23,60,30,223.88,329,Home
2024-02-24,7,46,623.39,840,Electronics
2024-02-25,57,23,653.7,116,Electronics
2024-02-26,36,32,160.5,941,Sports
2024-02-27,45,17,70.74,849,Books
2024-02-28,20,50,782.95,337,Clothing
2024-02-29,65,17,465.2,881,Books
2024-03-01,8,14,67.58,737,Sports
2024-03-02,16,9,994.92,864,Clothing
2024-03-03,14,40,67.2,840,Books
2024-03-04,76,2,698.08,147,Clothing
2024-03-05,87,45,983.84,575,Electronics
2024-03-06,15,25,246.79,806,Books
2024-03-07,92,39,150.83,323,Clothing
2024-03-08,98,9,130.17,443,Clothing
2024-03-09,66,22,310.24,837,Clothing
2024-03-10,32,43,110.04,13,Books
2024-03-11,87,46,695.24,943,Home
2024-03-12,63,4,71.67,494,Books
2024-03-13,86,26,514.33,701,Sports
2024-03-14,51,29,996.73,287,Books
2024-03-15,25,45,815.83,720,Clothing
2024-03-16,58,34,619.07,114,Electronics
2024-03-17,63,23,313.19,480,Books
2024-03-18,62,37,627.66,22,Books
2024-03-19,22,11,531.77,349,Clothing
2024-03-20,58,6,431.82,726,Electronics
2024-03-21,58,18,139.4,683,Electronics
2024-03-22,86,21,887.74,835,Sports
2024-03-23,49,42,455.29,566,Books
2024-03-24,52,36,202.68,906,Electronics
2024-03-25,42,41,374.08,810,Electronics
2024-03-26,70,38,419.99,320,Home
2024-03-27,15,34,829.26,126,Home
2024-03-28,54,17,736.28,277,Electronics
2024-03-29,60,37,771.61,976,Sports
2024-03-30,97,25,20.92,204,Electronics
2024-03-31,8,38,421.99,194,Clothing
2024-04-01,53,12,486.53,681,Books
2024-04-02,60,23,29.0,664,Sports
2024-04-03,5,42,267.22,547,Clothing
2024-04-04,68,22,762.69,696,Sports
2024-04-05,6,21,145.74,286,Clothing
2024-04-06,96,27,539.96,57,Books
2024-04-07,94,31,223.05,734,Books
2024-04-08,47,6,22.0,303,Home
2024-04-09,99,27,248.79,163,Clothing
2024-04-10,55,40,976.12,19,Home
2024-04-11,40,34,803.52,370,Clothing
2024-04-12,52,12,959.98,264,Home
2024-04-13,16,45,492.98,794,Books
2024-04-14,13,7,118.64,113,Sports
2024-04-15,30,10,552.48,488,Home
2024-04-16,19,45,459.83,327,Clothing
2024-04-17,17,17,845.91,542,Clothing
2024-04-18,63,26,107.1,647,Books
2024-04-19,19,21,493.36,579,Clothing
2024-04-20,92,28,158.55,65,Electronics
2024-04-21,58,46,331.43,292,Sports
2024-04-22,55,2,739.98,25,Home
2024-04-23,90,43,481.26,549,Sports
2024-04-24,90,1,382.13,1,Books
2024-04-25,62,36,400.53,911,Home
2024-04-26,23,26,464.85,549,Home
2024-04-27,9,29,787.17,141,Electronics
2024-04-28,12,21,893.16,744,Books
2024-04-29,1,11,955.78,648,Clothing
2024-04-30,58,40,789.03,901,Electronics
2024-05-01,1,11,322.25,188,Electronics
2024-05-02,34,36,691.25,128,Sports
2024-05-03,96,49,443.23,201,Sports
2024-05-04,48,39,262.12,127,Sports
2024-05-05,89,40,842.46,257,Electronics
2024-05-06,1,35,48.04,676,Clothing
2024-05-07,16,34,902.74,547,Home
2024-05-08,61,47,466.86,194,Sports
2024-05-09,64,24,640.83,703,Clothing
2024-05-10,63,22,662.76,104,Books
2024-05-11,69,5,896.17,535,Sports
2024-05-12,22,33,640.3,265,Home
2024-05-13,93,36,617.79,802,Books
2024-05-14,67,47,75.99,942,Books
2024-05-15,76,20,523.22,974,Home
2024-05-16,26,19,158.67,384,Sports
2024-05-17,16,35,740.06,260,Electronics
2024-05-18,51,43,517.1,414,Home
2024-05-19,86,17,683.43,991,Home
2024-05-20,57,45,51.26,358,Home
2024-05-21,29,43,93.94,75,Books
2024-05-22,78,34,719.16,355,Clothing
2024-05-23,92,9,81.36,584,Electronics
2024-05-24,69,26,80.54,771,Sports
2024-05-25,47,2,21.99,910,Sports
2024-05-26,94,9,956.94,188,Clothing
2024-05-27,62,9,740.13,973,Home
2024-05-28,69,40,359.72,685,Electronics
2024-05-29,76,17,303.57,992,Sports
2024-05-30,16,1,356.21,290,Sports
2024-05-31,90,25,776.91,45,Home
2024-06-01,90,43,664.76,573,Clothing
2024-06-02,48,40,193.34,83,Electronics
2024-06-03,85,42,182.37,123,Clothing
2024-06-04,39,25,107.41,358,Clothing
2024-06-05,100,39,663.7,528,Electronics
2024-06-06,33,35,766.73,66,Electronics
2024-06-07,94,3,272.4,936,Sports
2024-06-08,23,50,30.74,657,Sports
2024-06-09,10,37,91.35,375,Electronics
2024-06-10,69,44,968.18,162,Books
2024-06-11,100,44,302.49,746,Sports
2024-06-12,34,30,771.53,380,Books
2024-06-13,52,38,628.42,656,Electronics
2024-06-14,95,34,388.12,358,Sports
2024-06-15,10,12,213.63,188,Clothing
2024-06-16,19,19,130.17,322,Electronics
2024-06-17,58,37,618.86,450,Home
2024-06-18,96,44,776.89,474,Books
2024-06-19,1,49,647.47,13,Electronics
2024-06-20,69,17,535.0,184,Electronics
2024-06-21,4,10,51.53,111,Sports
2024-06-22,16,49,968.8,927,Sports
2024-06-23,24,47,800.73,508,Sports
2024-06-24,80,12,299.89,290,Home
2024-06-25,2,16,980.17,295,Sports
2024-06-26,92,24,605.86,451,Electronics
2024-06-27,32,19,586.6,904,Sports
2024-06-28,91,8,750.59,215,Clothing
2024-06-29,84,31,813.65,974,Sports
2024-06-30,24,21,659.91,632,Home
2024-07-01,12,17,136.81,894,Clothing
2024-07-02,50,23,344.88,567,Electronics
2024-07-03,35,37,928.8,27,Electronics
2024-07-04,33,16,232.37,630,Books
2024-07-05,33,6,378.45,733,Clothing
2024-07-06,61,8,437.76,231,Books
2024-07-07,51,25,445.01,565,Clothing
2024-07-08,43,18,616.81,807,Clothing
2024-07-09,12,25,943.65,321,Home
2024-07-10,67,12,248.29,913,Books
2024-07-11,65,15,130.29,233,Home
2024-07-12,33,26,205.5,670,Clothing
2024-07-13,40,41,888.06,437,Electronics
2024-07-14,74,45,649.35,781,Clothing
2024-07-15,43,26,293.05,533,Home
2024-07-16,44,47,817.79,403,Books
2024-07-17,29,32,862.76,53,Books
2024-07-18,13,10,848.05,787,Home
2024-07-19,12,16,919.74,313,Books
2024-07-20,95,7,259.72,281,Sports
2024-07-21,46,17,757.49,726,Electronics
2024-07-22,2,23,465.93,31,Electronics
2024-07-23,35,26,843.58,337,Electronics
2024-07-24,87,21,731.21,183,Books
2024-07-25,81,22,778.68,23,Books
2024-07-26,90,7,659.6,544,Clothing
2024-07-27,8,14,185.65,446,Clothing
2024-07-28,93,15,549.58,74,Electronics
2024-07-29,26,7,984.82,10,Sports
2024-07-30,74,9,938.01,484,Clothing
2024-07-31,90,48,52.74,456,Clothing
2024-08-01,34,8,173.17,566,Books
2024-08-02,7,50,140.41,564,Sports
2024-08-03,68,23,728.72,660,Electronics
2024-08-04,58,29,819.61,160,Clothing
2024-08-05,75,18,221.38,882,Sports
2024-08-06,29,31,510.79,14,Sports
2024-08-07,36,30,842.3,178,Electronics
2024-08-08,89,39,735.47,412,Sports
2024-08-09,21,35,546.81,878,Sports
2024-08-10,36,18,594.44,53,Sports
2024-08-11,10,42,513.28,408,Clothing
2024-08-12,73,39,304.57,847,Electronics
2024-08-13,24,17,569.37,22,Sports
2024-08-14,64,14,692.0,30,Sports
2024-08-15,99,31,874.59,703,Clothing
2024-08-16,49,24,639.93,260,Electronics
2024-08-17,99,35,763.51,205,Books
2024-08-18,36,44,168.47,59,Clothing
2024-08-19,82,45,466.94,471,Electronics
2024-08-20,96,34,19.24,776,Sports
2024-08-21,24,3,254.21,466,Electronics
2024-08-22,23,37,729.2,12,Electronics
2024-08-23,62,43,991.89,631,Electronics
2024-08-24,96,40,108.19,927,Books
2024-08-25,37,26,407.48,974,Electronics
2024-08-26,12,23,802.07,290,Books
2024-08-27,55,44,212.0,850,Sports
2024-08-28,13,39,559.53,760,Books
2024-08-29,23,15,735.74,354,Sports
2024-08-30,89,49,619.83,639,Sports
2024-08-31,99,4,196.14,75,Books
2024-09-01,30,29,361.83,873,Clothing
2024-09-02,17,22,785.95,716,Home
2024-09-03,62,25,558.68,561,Electronics
2024-09-04,84,13,15.18,591,Home
2024-09-05,89,18,763.38,441,Electronics
2024-09-06,86,33,44.96,991,Electronics
2024-09-07,13,16,748.28,241,Sports
2024-09-08,59,45,210.46,861,Electronics
2024-09-09,19,42,958.49,154,Electronics
2024-09-10,49,44,374.26,786,Books
2024-09-11,100,2,333.66,96,Home
2024-09-12,12,35,157.4,726,Books
2024-09-13,61,42,312.55,294,Electronics
2024-09-14,19,34,877.88,209,Sports
2024-09-15,76,30,996.37,343,Books
2024-09-16,9,13,374.63,88,Books
2024-09-17,71,13,454.12,818,Clothing
2024-09-18,28,18,724.85,776,Electronics
2024-09-19,78,32,887.33,937,Sports
2024-09-20,95,32,597.11,390,Books
2024-09-21,52,35,397.61,325,Books
2024-09-22,83,39,418.5,940,Sports
2024-09-23,16,46,698.66,889,Electronics
2024-09-24,69,29,13.19,832,Clothing
2024-09-25,99,49,623.39,157,Books
2024-09-26,12,29,361.94,668,Clothing
2024-09-27,25,44,796.26,651,Home
2024-09-28,52,16,102.06,633,Electronics
2024-09-29,85,44,592.32,577,Home
2024-09-30,100,47,486.16,619,Home
2024-10-01,53,10,645.9,659,Home
2024-10-02,23,30,74.21,137,Electronics
2024-10-03,16,25,584.18,923,Electronics
2024-10-04,57,39,565.87,674,Sports
2024-10-05,39,20,565.05,428,Clothing
2024-10-06,53,5,607.45,452,Clothing
2024-10-07,42,1,679.7,612,Sports
2024-10-08,58,30,806.94,850,Sports
2024-10-09,39,49,277.12,911,Home
2024-10-10,14,3,826.8,819,Sports
2024-10-11,95,45,503.27,141,Books
2024-10-12,5,14,86.29,83,Clothing
2024-10-13,35,30,67.97,177,Sports
2024-10-14,87,50,340.9,198,Books
2024-10-15,93,4,787.05,624,Books
2024-10-16,75,18,710.6,568,Books
2024-10-17,18,37,790.73,972,Books
2024-10-18,76,25,522.1,691,Home
2024-10-19,9,48,445.8,421,Books
2024-10-20,74,1,155.98,401,Home
2024-10-21,58,46,334.91,698,Home
2024-10-22,17,15,439.68,471,Books
2024-10-23,7,9,97.71,218,Clothing
2024-10-24,46,15,228.41,925,Books
2024-10-25,13,49,602.24,929,Books
2024-10-26,40,24,738.31,828,Books
2024-10-27,42,4,998.36,987,Clothing
2024-10-28,9,12,933.78,729,Electronics
2024-10-29,50,37,646.14,632,Electronics
2024-10-30,27,37,427.04,951,Home
2024-10-31,66,43,639.82,906,Home
2024-11-01,5,6,787.8,175,Clothing
2024-11-02,29,39,127.15,23,Sports
2024-11-03,37,46,415.81,725,Electronics
2024-11-04,38,24,841.4,917,Home
2024-11-05,83,11,389.99,235,Electronics
2024-11-06,8,13,576.15,13,Clothing
2024-11-07,65,34,591.89,101,Clothing
2024-11-08,86,25,192.63,929,Sports
2024-11-09,17,7,368.61,536,Sports
2024-11-10,71,4,341.17,876,Clothing
2024-11-11,89,8,35.93,523,Home
2024-11-12,45,20,33.95,785,Electronics
2024-11-13,4,29,833.38,452,Books
2024-11-14,36,45,280.34,431,Sports
2024-11-15,70,46,522.9,793,Books
2024-11-16,31,10,305.74,606,Home
2024-11-17,19,43,941.27,713,Sports
2024-11-18,61,34,266.7,533,Books
2024-11-19,54,26,435.36,852,Home
2024-11-20,39,41,874.0,979,Electronics
2024-11-21,91,49,843.51,723,Home
2024-11-22,74,3,194.24,652,Sports
2024-11-23,90,6,804.62,293,Clothing
2024-11-24,19,5,463.61,810,Electronics
2024-11-25,39,5,488.14,913,Books
2024-11-26,67,47,142.15,101,Sports
2024-11-27,45,23,89.8,502,Clothing
2024-11-28,13,49,730.66,304,Home
2024-11-29,92,9,501.5,871,Clothing
2024-11-30,58,35,442.48,540,Sports
2024-12-01,20,20,732.21,553,Sports
2024-12-02,92,49,767.86,355,Clothing
2024-12-03,72,42,167.32,303,Home
2024-12-04,61,35,614.12,496,Clothing
2024-12-05,39,50,144.0,658,Sports
2024-12-06,1,18,753.86,768,Sports
2024-12-07,3,17,660.39,974,Books
2024-12-08,77,24,957.05,227,Books
2024-12-09,92,3,78.27,236,Electronics
2024-12-10,62,32,66.48,873,Sports
2024-12-11,63,35,289.37,892,Books
2024-12-12,25,38,269.09,455,Clothing
2024-12-13,56,13,254.51,13,Home
2024-12-14,33,47,907.19,210,Clothing
2024-12-15,38,25,257.05,741,Home
2024-12-16,6,9,279.23,397,Books
2024-12-17,58,4,761.8,100,Electronics
2024-12-18,44,14,455.24,31,Clothing
2024-12-19,45,37,778.94,898,Clothing
2024-12-20,32,34,74.71,528,Clothing
2024-12-21,45,11,492.7,649,Home
2024-12-22,61,41,43.28,329,Books
2024-12-23,47,3,72.03,166,Clothing
2024-12-24,21,28,907.37,459,Clothing
2024-12-25,80,29,147.85,822,Electronics
2024-12-26,85,9,537.1,952,Electronics
2024-12-27,75,3,416.98,982,Books
2024-12-28,36,25,353.87,993,Books
2024-12-29,99,34,900.84,100,Sports
2024-12-30,19,12,31.61,621,Electronics
2024-12-31,20,42,667.15,855,Sports
2025-01-01,57,9,963.76,173,Home
2025-01-02,18,15,564.57,749,Sports
2025-01-03,47,40,937.45,162,Clothing
2025-01-04,49,25,61.74,905,Sports
2025-01-05,14,5,424.61,728,Books
2025-01-06,15,11,267.56,776,Home
2025-01-07,31,34,733.51,263,Clothing
2025-01-08,1,24,981.48,804,Sports
2025-01-09,54,15,263.96,274,Home
2025-01-10,3,38,657.63,3,Home
2025-01-11,16,8,206.12,28,Clothing
2025-01-12,87,5,569.68,326,Sports
2025-01-13,57,48,469.29,940,Home
2025-01-14,75,26,972.29,149,Home
2025-01-15,12,18,612.44,540,Electronics
2025-01-16,74,6,356.01,488,Home
2025-01-17,96,37,122.95,822,Electronics
2025-01-18,16,48,159.73,438,Sports
2025-01-19,72,13,233.06,65,Sports
2025-01-20,76,28,258.46,356,Sports
2025-01-21,24,5,852.11,533,Books
2025-01-22,28,13,565.61,252,Sports
2025-01-23,8,17,528.16,235,Home
2025-01-24,92,50,123.62,227,Clothing
2025-01-25,36,40,861.54,525,Electronics
2025-01-26,90,45,725.59,313,Books
2025-01-27,8,32,76.99,49,Sports
2025-01-28,58,29,710.76,118,Sports
2025-01-29,60,3,548.1,54,Clothing
2025-01-30,50,40,90.91,650,Clothing
2025-01-31,28,34,463.72,565,Books
2025-02-01,92,40,489.85,44,Electronics
2025-02-02,41,27,174.12,815,Sports
2025-02-03,100,13,946.24,53,Books
2025-02-04,64,45,851.48,586,Home
2025-02-05,27,33,672.33,558,Home
2025-02-06,63,6,467.67,525,Books
2025-02-07,17,24,417.65,677,Sports
2025-02-08,73,19,654.46,102,Books
2025-02-09,33,16,549.98,792,Sports
2025-02-10,84,40,71.65,770,Clothing
2025-02-11,77,28,517.38,982,Books
2025-02-12,92,33,808.34,849,Sports
2025-02-13,29,48,464.65,868,Books
2025-02-14,13,41,61.44,398,Books
2025-02-15,46,13,788.42,138,Sports
2025-02-16,35,43,209.35,675,Sports
2025-02-17,6,45,266.03,921,Electronics
2025-02-18,82,25,173.06,387,Books
2025-02-19,69,42,336.91,111,Home
2025-02-20,47,36,759.18,614,Books
2025-02-21,25,27,524.19,17,Books
2025-02-22,66,38,212.83,780,Sports
2025-02-23,10,7,879.05,182,Books
2025-02-24,56,5,880.79,884,Books
2025-02-25,30,43,871.87,536,Home
2025-02-26,5,45,246.41,541,Sports
2025-02-27,33,31,456.73,171,Books
2025-02-28,65,23,985.14,409,Clothing
2025-03-01,18,42,774.29,740,Electronics
2025-03-02,96,10,36.9,378,Home
2025-03-03,49,32,74.55,188,Books
2025-03-04,11,43,469.29,858,Clothing
2025-03-05,85,30,910.13,230,Books
2025-03-06,26,39,543.31,833,Books
2025-03-07,63,31,502.83,852,Sports
2025-03-08,89,18,114.42,119,Sports
2025-03-09,86,36,660.21,156,Sports
2025-03-10,59,2,823.88,784,Clothing
2025-03-11,27,14,386.62,687,Books
2025-03-12,49,13,777.86,465,Electronics
2025-03-13,77,29,964.83,104,Home
2025-03-14,33,12,211.73,604,Sports
2025-03-15,98,39,528.1,698,Sports
2025-03-16,99,2,294.27,972,Books
2025-03-17,1,32,794.93,795,Books
2025-03-18,21,13,581.82,502,Clothing
2025-03-19,55,46,638.24,693,Clothing
2025-03-20,6,27,799.94,682,Sports
2025-03-21,92,49,402.01,699,Books
2025-03-22,81,41,915.94,175,Electronics
2025-03-23,69,17,537.7,734,Home
2025-03-24,95,40,166.38,745,Books
2025-03-25,5,31,698.94,674,Books
2025-03-26,3,34,795.33,421,Clothing
2025-03-27,53,24,323.59,134,Home
2025-03-28,23,45,858.61,391,Sports
2025-03-29,53,35,907.08,992,Books
2025-03-30,37,48,284.14,736,Sports
2025-03-31,74,6,983.69,501,Books
2025-04-01,74,19,149.3,665,Sports
2025-04-02,83,30,210.0,33,Home
2025-04-03,17,7,192.38,55,Clothing
2025-04-04,85,10,895.05,954,Home
2025-04-05,78,41,657.75,519,Electronics
2025-04-06,73,32,160.58,756,Clothing
2025-04-07,1,34,445.92,825,Home
2025-04-08,51,28,619.15,638,Electronics
2025-04-09,45,15,92.63,12,Books
2025-04-10,77,30,883.59,528,Books
2025-04-11,4,37,805.57,720,Sports
2025-04-12,62,29,510.15,555,Clothing
2025-04-13,65,22,967.46,373,Books
2025-04-14,32,4,423.58,484,Clothing
2025-04-15,34,20,984.27,973,Books
2025-04-16,92,32,671.24,647,Sports
2025-04-17,95,36,638.32,228,Home
2025-04-18,72,50,174.3,623,Sports
2025-04-19,39,4,883.11,307,Electronics
2025-04-20,26,27,433.21,457,Books
2025-04-21,34,17,170.61,160,Electronics
2025-04-22,54,12,22.48,331,Electronics
2025-04-23,3,22,564.16,776,Clothing
2025-04-24,50,17,532.13,225,Books
2025-04-25,12,10,722.16,983,Electronics
2025-04-26,65,1,891.36,729,Home
2025-04-27,54,22,88.61,504,Electronics
2025-04-28,5,26,734.18,456,Home
2025-04-29,94,18,195.54,45,Clothing
2025-04-30,94,50,859.6,214,Electronics
2025-05-01,57,14,820.87,59,Sports
2025-05-02,17,47,545.39,644,Clothing
2025-05-03,47,29,713.14,616,Home
2025-05-04,23,12,321.21,195,Clothing
2025-05-05,79,36,476.46,925,Electronics
2025-05-06,85,35,823.42,489,Books
2025-05-07,14,12,464.67,157,Books
2025-05-08,66,7,364.22,610,Home
2025-05-09,75,29,499.27,226,Home
2025-05-10,51,11,829.97,412,Books
2025-05-11,38,33,341.86,205,Home
2025-05-12,64,6,182.02,79,Clothing
2025-05-13,98,47,714.89,124,Sports
2025-05-14,38,15,827.72,471,Sports
2025-05-15,50,32,109.63,940,Clothing
2025-05-16,98,11,247.48,218,Sports
2025-05-17,82,23,150.55,516,Electronics
2025-05-18,30,26,354.46,602,Clothing
2025-05-19,79,34,455.85,104,Home
2025-05-20,91,46,751.34,393,Clothing
2025-05-21,51,34,654.64,631,Books
2025-05-22,63,29,624.72,645,Home
2025-05-23,98,4,358.85,824,Books
2025-05-24,52,17,843.03,608,Home
2025-05-25,38,35,476.57,980,Sports
2025-05-26,97,13,979.31,434,Clothing
2025-05-27,88,41,637.8,331,Electronics
2025-05-28,79,39,135.0,143,Home
2025-05-29,30,15,679.42,800,Home
2025-05-30,51,29,331.85,540,Books
2025-05-31,81,29,689.46,278,Sports
2025-06-01,5,11,78.94,233,Books
2025-06-02,29,32,183.13,529,Books
2025-06-03,4,2,857.18,571,Sports
2025-06-04,10,47,234.91,90,Electronics
2025-06-05,56,14,838.67,492,Books
2025-06-06,17,20,286.48,199,Books
2025-06-07,74,22,646.45,362,Home
2025-06-08,17,11,697.21,441,Sports
2025-06-09,84,27,517.53,26,Clothing
2025-06-10,88,3,312.26,25,Electronics
2025-06-11,69,17,220.52,394,Electronics
2025-06-12,34,44,42.86,507,Sports
2025-06-13,6,28,310.91,301,Home
2025-06-14,53,29,656.63,339,Home
2025-06-15,66,21,938.92,267,Sports
2025-06-16,77,47,872.49,461,Home
2025-06-17,43,16,768.4,693,Electronics
2025-06-18,75,37,790.56,456,Electronics
2025-06-19,23,20,668.34,360,Clothing
2025-06-20,55,6,267.68,68,Sports
2025-06-21,80,19,908.12,863,Books
2025-06-22,95,5,674.02,412,Books
2025-06-23,75,3,564.84,971,Clothing
2025-06-24,16,1,119.88,491,Clothing
2025-06-25,8,38,452.58,833,Home
2025-06-26,4,15,465.75,49,Clothing
2025-06-27,4,34,865.92,687,Clothing
2025-06-28,56,35,551.18,564,Books
2025-06-29,25,49,386.6,102,Home
2025-06-30,67,25,977.03,216,Clothing
2025-07-01,96,24,119.61,438,Clothing
2025-07-02,67,12,428.32,700,Home
2025-07-03,27,18,51.6,569,Sports
2025-07-04,93,15,742.51,559,Home
2025-07-05,32,44,918.9,159,Books
2025-07-06,50,16,287.24,489,Sports
2025-07-07,61,27,859.76,686,Electronics
2025-07-08,51,8,299.3,242,Home
2025-07-09,19,46,911.66,794,Books
2025-07-10,21,25,756.42,753,Sports
2025-07-11,5,17,806.86,882,Home
2025-07-12,82,29,27.83,5,Clothing
2025-07-13,92,8,963.18,596,Home
2025-07-14,42,15,729.4,820,Electronics
2025-07-15,61,27,311.7,361,Home
2025-07-16,22,46,831.1,459,Sports
2025-07-17,21,50,288.71,248,Sports
2025-07-18,70,7,874.03,566,Home
2025-07-19,1,3,121.45,673,Sports
2025-07-20,5,29,706.65,946,Clothing
2025-07-21,12,44,545.29,422,Home
2025-07-22,90,24,105.57,923,Clothing
2025-07-23,46,3,249.47,738,Clothing
2025-07-24,34,20,22.28,15,Books
2025-07-25,49,46,474.08,736,Home
2025-07-26,78,15,308.25,573,Sports
2025-07-27,90,25,602.37,122,Clothing
2025-07-28,45,30,304.27,277,Books
2025-07-29,27,14,306.92,558,Home
2025-07-30,73,7,745.76,453,Home
2025-07-31,26,17,57.66,390,Electronics
2025-08-01,47,44,903.87,294,Electronics
2025-08-02,86,20,853.74,574,Clothing
2025-08-03,56,36,671.13,598,Electronics
2025-08-04,94,9,597.29,446,Clothing
2025-08-05,63,38,893.38,210,Sports
2025-08-06,48,48,193.48,590,Clothing
2025-08-07,61,22,88.18,714,Electronics
2025-08-08,81,2,247.12,302,Sports
2025-08-09,26,24,796.63,909,Electronics
2025-08-10,36,8,44.32,223,Clothing
2025-08-11,1,11,586.98,734,Books
2025-08-12,8,13,995.48,3,Home
2025-08-13,99,17,857.14,990,Electronics
2025-08-14,52,8,526.23,518,Clothing
2025-08-15,79,21,73.0,93,Sports
2025-08-16,47,18,833.06,520,Electronics
2025-08-17,56,30,602.99,428,Electronics
2025-08-18,86,18,123.78,493,Home
2025-08-19,14,46,102.92,235,Clothing
2025-08-20,90,47,910.53,620,Books
2025-08-21,28,31,672.51,161,Sports
2025-08-22,87,38,830.99,721,Clothing
2025-08-23,78,32,880.19,752,Sports
2025-08-24,88,11,576.05,331,Electronics
2025-08-25,2,45,522.27,333,Home
2025-08-26,26,25,436.12,50,Home
2025-08-27,14,33,323.78,523,Books
2025-08-28,59,38,440.25,863,Home
2025-08-29,56,41,776.14,668,Electronics
2025-08-30,7,8,605.9,492,Books
2025-08-31,3,11,893.6,582,Clothing
2025-09-01,23,22,448.95,681,Home
2025-09-02,18,24,611.02,272,Books
2025-09-03,38,41,634.99,580,Electronics
2025-09-04,99,17,595.78,867,Sports
2025-09-05,15,12,705.61,252,Sports
2025-09-06,64,46,245.06,560,Electronics
2025-09-07,89,32,517.24,696,Electronics
2025-09-08,28,15,113.18,832,Sports
2025-09-09,74,16,390.67,699,Books
2025-09-10,39,22,492.79,90,Sports
2025-09-11,57,28,655.7,446,Electronics
2025-09-12,17,20,951.03,332,Home
2025-09-13,86,33,604.64,139,Clothing
2025-09-14,90,10,746.16,357,Home
2025-09-15,44,40,511.2,601,Home
2025-09-16,25,32,637.76,274,Electronics
2025-09-17,17,50,80.22,19,Sports
2025-09-18,13,33,261.85,983,Books
2025-09-19,84,2,368.23,311,Home
2025-09-20,25,33,477.77,870,Sports
2025-09-21,68,33,55.19,886,Books
2025-09-22,10,41,148.62,978,Home
2025-09-23,67,13,284.05,154,Books
2025-09-24,18,30,971.82,390,Sports
2025-09-25,100,33,338.03,260,Clothing
2025-09-26,86,13,487.22,620,Sports
